{
  "id": "2952762",
  "name": "buddy",
  "font_family": "iconfont",
  "css_prefix_text": "icon-",
  "description": "",
  "glyphs": [
    {
      "icon_id": "5901133",
      "name": "右",
      "font_class": "you",
      "unicode": "e621",
      "unicode_decimal": 58913
    },
    {
      "icon_id": "8182239",
      "name": "对勾",
      "font_class": "duigou",
      "unicode": "e60e",
      "unicode_decimal": 58894
    },
    {
      "icon_id": "21049653",
      "name": "圆圈",
      "font_class": "yuanquan",
      "unicode": "e619",
      "unicode_decimal": 58905
    },
    {
      "icon_id": "1106434",
      "name": "设置",
      "font_class": "shezhi",
      "unicode": "e614",
      "unicode_decimal": 58900
    },
    {
      "icon_id": "11481162",
      "name": "垃圾桶",
      "font_class": "lajitong",
      "unicode": "e652",
      "unicode_decimal": 58962
    },
    {
      "icon_id": "4889788",
      "name": "头像",
      "font_class": "touxiang",
      "unicode": "e620",
      "unicode_decimal": 58912
    },
    {
      "icon_id": "11121435",
      "name": "编号",
      "font_class": "bianhao",
      "unicode": "e635",
      "unicode_decimal": 58933
    },
    {
      "icon_id": "11372677",
      "name": "男",
      "font_class": "nan",
      "unicode": "e8b3",
      "unicode_decimal": 59571
    },
    {
      "icon_id": "11372678",
      "name": "女",
      "font_class": "nv",
      "unicode": "e8b4",
      "unicode_decimal": 59572
    },
    {
      "icon_id": "4736054",
      "name": "编辑",
      "font_class": "bianji",
      "unicode": "e60d",
      "unicode_decimal": 58893
    },
    {
      "icon_id": "16372245",
      "name": "博士帽",
      "font_class": "boshimao",
      "unicode": "e64e",
      "unicode_decimal": 58958
    },
    {
      "icon_id": "16372254",
      "name": "定位",
      "font_class": "dingwei",
      "unicode": "e650",
      "unicode_decimal": 58960
    },
    {
      "icon_id": "16372284",
      "name": "名片",
      "font_class": "mingpian",
      "unicode": "e656",
      "unicode_decimal": 58966
    },
    {
      "icon_id": "16372310",
      "name": "我的",
      "font_class": "wode",
      "unicode": "e65f",
      "unicode_decimal": 58975
    },
    {
      "icon_id": "16372321",
      "name": "信封",
      "font_class": "xinfeng",
      "unicode": "e661",
      "unicode_decimal": 58977
    }
  ]
}
